{
    "pools": [
        {
            "rolls": 1,
            "entries": [
                {
                    "type": "item",
                    "name": "minecraft:coal",
                    "weight": 1,
                    "functions": [
                        {
                            "function": "set_count",
                            "count": {
                                "min": 0,
                                "max": 1
                            }
                        },
                        {
                            "function": "looting_enchant",
                            "count": {
                                "min": 0,
                                "max": 1
                            }
                        }
                    ]
                }
            ]
        },
    {
      "rolls": 1,
      "entries": [
        {
          "type": "item",
          "name": "armor:wither_bone",
          "weight": 1,
          "functions": [
            {
              "function": "set_count",
              "count": {
                "min": 0,
                "max": 2
              }
            }
          ]
        }
      ]
    },
        {
            "rolls": 1,
            "entries": [
                {
                    "type": "item",
                    "name": "minecraft:bone",
                    "weight": 1,
                    "functions": [
                        {
                            "function": "set_count",
                            "count": {
                                "min": 0,
                                "max": 2
                            }
                        },
                        {
                            "function": "looting_enchant",
                            "count": {
                                "min": 0,
                                "max": 1
                            }
                        }
                    ]
                }
            ]
        },
        {
            "conditions": [
                {
                    "condition": "killed_by_player"
                },
                {
                    "condition": "random_chance_with_looting",
                    "chance": 0.025,
                    "looting_multiplier": 0.02
                }
            ],
            "rolls": 1,
            "entries": [
                {
                    "type": "item",
                    "name": "minecraft:skull",
                    "weight": 1,
                    "functions": [
                        {
                            "function": "set_data",
                            "data": 1
                        }
                    ]
                }
            ]
        }
    ]
}