{
	"format_version": "1.12.0",
	"minecraft:geometry": [
		{
			"description": {
				"identifier": "geometry.Mobs.Shulker_shield",
				"texture_width": 64,
				"texture_height": 64,
				"visible_bounds_width": 6,
				"visible_bounds_height": 5,
				"visible_bounds_offset": [0, 0, 0]
			},
			"bones": [
				{
					"name": "baseplate",
					"pivot": [0, 0, 0],
					"cubes": [
						{"origin": [-8, 15, -8], "size": [16, 16, 16], "inflate": 15, "uv": [0, 32]},
						{"origin": [-8, 15, -8], "size": [16, 16, 16], "inflate": 30, "uv": [0, 32]}
					]
				},
				{
					"name": "waist",
					"parent": "baseplate",
					"pivot": [0, 12, 0]
				},
				{
					"name": "body",
					"parent": "waist",
					"pivot": [0, 24, 0]
				},
				{
					"name": "head",
					"parent": "body",
					"pivot": [0, 24, 0]
				},
				{
					"name": "hat",
					"parent": "head",
					"pivot": [0, 24, 0]
				},
				{
					"name": "leftarm",
					"parent": "body",
					"pivot": [5, 22, 0],
					"mirror": true
				},
				{
					"name": "leftitem",
					"parent": "leftarm",
					"pivot": [6, 15, 1]
				},
				{
					"name": "leftleg",
					"parent": "body",
					"pivot": [1.9, 12, 0],
					"mirror": true
				},
				{
					"name": "rightarm",
					"parent": "body",
					"pivot": [-5, 22, 0]
				},
				{
					"name": "rightitem",
					"parent": "rightarm",
					"pivot": [-6, 15, 1]
				},
				{
					"name": "rightleg",
					"parent": "body",
					"pivot": [-1.9, 12, 0]
				}
			]
		}
	]
}