{
	"format_version": "1.10.0",
	"geometry.Mobs.Slime": {
		"texturewidth": 128,
		"textureheight": 128,
		"visible_bounds_width": 3,
		"visible_bounds_height": 3,
		"visible_bounds_offset": [0, 0.5, 0],
		"bones": [
			{
				"name": "body",
				"pivot": [0, 24, 0],
				"cubes": [
					{"origin": [-4, 12, -2], "size": [8, 12, 4], "uv": [32, 0]}
				]
			},
			{
				"name": "jacket",
				"parent": "body",
				"pivot": [0, 24, 0],
				"cubes": [
					{"origin": [-4, 12, -2], "size": [8, 12, 4], "uv": [0, 32], "inflate": 0.25},
					{"origin": [-4, 12, -2], "size": [8, 12, 4], "uv": [28, 28], "inflate": 0.25}
				]
			},
			{
				"name": "bodyArmorOffset",
				"parent": "body",
				"pivot": [0, 24, 0]
			},
			{
				"name": "waist",
				"parent": "body",
				"pivot": [0, 12, 0]
			},
			{
				"name": "head",
				"pivot": [0, 24, 0],
				"cubes": [
					{"origin": [-4, 24, -4], "size": [8, 8, 8], "uv": [0, 16]}
				]
			},
			{
				"name": "hat",
				"parent": "head",
				"pivot": [0, 24, 0],
				"cubes": [
					{"origin": [-4, 24, -3.75], "size": [8, 8, 8], "uv": [0, 0], "inflate": 0.5},
					{"origin": [-4, 33, -3.75], "size": [8, 8, 8], "uv": [52, 76], "inflate": 0.5},
					{"origin": [-3, 34, -2.75], "size": [6, 6, 6], "uv": [52, 92], "inflate": 0.5},
					{"origin": [1.5, 37, -3.25], "size": [2, 2, 2], "uv": [84, 80], "inflate": 0.5},
					{"origin": [-3.5, 37, -3.25], "size": [2, 2, 2], "uv": [84, 76], "inflate": 0.5},
					{"origin": [0.5, 34.5, -3.25], "size": [1, 1, 1], "uv": [84, 84], "inflate": 0.5}
				]
			},
			{
				"name": "helmet",
				"parent": "head",
				"pivot": [0, 24, 0],
				"cubes": [
					{"origin": [0, 24, 0], "size": [0, 0, 0], "uv": [0, 0]}
				]
			},
			{
				"name": "helmetArmorOffset",
				"parent": "head",
				"pivot": [0, 24, 0]
			},
			{
				"name": "leftArm",
				"pivot": [5, 22, 0],
				"cubes": [
					{"origin": [4, 11, -2], "size": [4, 12, 4], "uv": [12, 60]}
				]
			},
			{
				"name": "leftArmArmor",
				"parent": "leftArm",
				"pivot": [5, 22, 0],
				"cubes": [
					{"origin": [0, 0, 0], "size": [-1, 0, 0], "uv": [0, 0]}
				]
			},
			{
				"name": "leftSleeve",
				"parent": "leftArm",
				"pivot": [5, 22, 0],
				"cubes": [
					{"origin": [4, 11, -2], "size": [4, 12, 4], "uv": [56, 0], "inflate": 0.25}
				]
			},
			{
				"name": "leftArmArmorOffset",
				"parent": "leftArm",
				"pivot": [5, 22, 0]
			},
			{
				"name": "leftItem",
				"parent": "leftArm",
				"pivot": [6, 15, 1]
			},
			{
				"name": "rightArm",
				"pivot": [-5, 22, 0],
				"cubes": [
					{"origin": [-8, 11, -2], "size": [4, 12, 4], "uv": [52, 32]}
				]
			},
			{
				"name": "rightArmArmor",
				"parent": "rightArm",
				"pivot": [-5, 22, 0],
				"cubes": [
					{"origin": [1, 0, 0], "size": [-1, 0, 0], "uv": [0, 0]}
				]
			},
			{
				"name": "rightSleeve",
				"parent": "rightArm",
				"pivot": [-5, 22, 0],
				"cubes": [
					{"origin": [-8, 11, -2], "size": [4, 12, 4], "uv": [52, 52], "inflate": 0.25}
				]
			},
			{
				"name": "rightArmArmorOffset",
				"parent": "rightArm",
				"pivot": [-5, 22, 0]
			},
			{
				"name": "rightItem",
				"parent": "rightArm",
				"pivot": [-6, 15, 1]
			},
			{
				"name": "leftLeg",
				"pivot": [1.9, 12, 0],
				"cubes": [
					{"origin": [-0.1, 0, -2], "size": [4, 12, 4], "uv": [48, 16]}
				]
			},
			{
				"name": "leftLegging",
				"parent": "leftLeg",
				"pivot": [1.9, 12, 0],
				"cubes": [
					{"origin": [0, 0, 0], "size": [0, 0, 0], "uv": [0, 0]}
				]
			},
			{
				"name": "leftPants",
				"parent": "leftLeg",
				"pivot": [1.9, 12, 0],
				"cubes": [
					{"origin": [-0.1, 0, -2], "size": [4, 12, 4], "uv": [0, 48], "inflate": 0.25}
				]
			},
			{
				"name": "leftLegArmorOffset",
				"parent": "leftLeg",
				"pivot": [1.9, 12, 0]
			},
			{
				"name": "leftBootArmorOffset",
				"parent": "leftLeg",
				"pivot": [1.9, 12, 0]
			},
			{
				"name": "rightLeg",
				"pivot": [-1.9, 12, 0],
				"cubes": [
					{"origin": [-3.9, 0, -2], "size": [4, 12, 4], "uv": [36, 44]}
				]
			},
			{
				"name": "rightLegging",
				"parent": "rightLeg",
				"pivot": [-1.9, 12, 0],
				"cubes": [
					{"origin": [0, 0, 0], "size": [0, 0, 0], "uv": [0, 0]}
				]
			},
			{
				"name": "rightPants",
				"parent": "rightLeg",
				"pivot": [-1.9, 12, 0],
				"cubes": [
					{"origin": [-3.9, 0, -2], "size": [4, 12, 4], "uv": [20, 44], "inflate": 0.25}
				]
			},
			{
				"name": "rightLegArmorOffset",
				"parent": "rightLeg",
				"pivot": [-1.9, 12, 0]
			},
			{
				"name": "rightBootArmorOffset",
				"parent": "rightLeg",
				"pivot": [-1.9, 12, 0]
			},
			{
				"name": "bodyArmor",
				"pivot": [0, 24, 0],
				"cubes": [
					{"origin": [0, 0, 0], "size": [0, 0, 0], "uv": [0, 0]}
				]
			}
		]
	}
}