{
	"format_version": "1.10.0",
	"geometry.Mobs.Enderman": {
		"texturewidth": 64,
		"textureheight": 64,
		"visible_bounds_width": 2,
		"visible_bounds_height": 4,
		"visible_bounds_offset": [0, 0, 0],
		"bones": [
			{
				"name": "hat",
				"pivot": [0, 38, 0],
				"reset": true,
				"cubes": [
					{"origin": [-4, 38, -4], "size": [8, 8, 8], "uv": [0, 16], "inflate": -0.5}
				]
			},
			{
				"name": "head",
				"pivot": [0, 37, 0]
			},
			{
				"name": "body",
				"pivot": [0, 38, 0],
				"reset": true,
				"cubes": [
					{"origin": [-4, 26, -2], "size": [8, 12, 4], "uv": [32, 16]}
				]
			},
			{
				"name": "rightArm",
				"pivot": [-5, 36, 0],
				"reset": true,
				"cubes": [
					{"origin": [-6, 8, -1], "size": [2, 30, 2], "uv": [56, 0]}
				]
			},
			{
				"name": "leftArm",
				"pivot": [5, 36, 0],
				"reset": true,
				"mirror": true,
				"cubes": [
					{"origin": [4, 8, -1], "size": [2, 30, 2], "uv": [56, 0]}
				]
			},
			{
				"name": "rightLeg",
				"pivot": [-2, 26, 0],
				"reset": true,
				"cubes": [
					{"origin": [-3, -4, -1], "size": [2, 30, 2], "uv": [56, 0]}
				]
			},
			{
				"name": "leftLeg",
				"pivot": [2, 26, 0],
				"reset": true,
				"mirror": true,
				"cubes": [
					{"origin": [1, -4, -1], "size": [2, 30, 2], "uv": [56, 0]}
				]
			}
		]
	}
}