{"format_version":"1.8.0","minecraft:entity":{"description":{"identifier":"armor:slime","is_spawnable":true,"is_summonable":true,"is_experimental":false},"component_groups":{"minecraft:slime_large":{"minecraft:collision_box":{"width":2.08,"height":2.08},"minecraft:health":{"value":16,"max":16},"minecraft:movement":{"value":0.6},"minecraft:attack":{"damage":4}},"minecraft:slime_medium":{"minecraft:collision_box":{"width":1.04,"height":1.04},"minecraft:health":{"value":4,"max":4},"minecraft:movement":{"value":0.4},"minecraft:attack":{"damage":2}},"minecraft:slime_small":{"minecraft:collision_box":{"width":0.52,"height":0.52},"minecraft:health":{"value":1,"max":1},"minecraft:movement":{"value":0.3},"minecraft:attack":{"damage":0},"minecraft:loot":{"table":"loot_tables/entities/slime.json"}},"minecraft:slime_calm":{"minecraft:movement.jump":{"jump_delay":[0.5,1.5]}},"minecraft:slime_aggressive":{"minecraft:movement.jump":{"jump_delay":[0.16,0.5]}}},"components":{"minecraft:type_family":{"family":["slime"]},"minecraft:breathable":{"totalSupply":15,"suffocateTime":0},"minecraft:navigation.walk":{"can_path_over_water":true,"avoid_water":true},"minecraft:jump.static":{},"minecraft:can_climb":{},"minecraft:movement.jump":{"jump_delay":[0.5,1.5]},"minecraft:on_target_acquired":{"event":"minecraft:become_aggressive","target":"self"},"minecraft:on_target_escape":{"event":"minecraft:become_calm","target":"self"},"minecraft:nameable":{"alwaysShow":false,"allowNameTagRenaming":false},"minecraft:behavior.slime_float":{"priority":1},"minecraft:behavior.slime_attack":{"priority":3},"minecraft:behavior.slime_random_direction":{"priority":4},"minecraft:behavior.slime_keep_on_jumping":{"priority":5},"minecraft:behavior.nearest_attackable_target":{"priority":1,"within_radius":25,"must_reach":false,"entity_types":[{"filters":{"other_with_families":["monster","stray","vindicator","witch","wither","zombie","zombie_villager"]},"max_dist":35,"must_see":false,"walk_speed_multiplier":1.0,"sprint_speed_multiplier":1.0,"within_default":1}],"must_see":false,"speed_multiplier":1.0},"minecraft:physics":{},"minecraft:health":{"value":20,"max":20},"minecraft:experience_reward":{"on_death":"query.last_hit_by_player ? 10 : 0"},"minecraft:movement":{"value":0.2,"max":0.2},"minecraft:scale":{"value":1,"max":1},"minecraft:tameable":{"probability":0.33,"tameItems":["sweet_berries"],"tame_event":{"event":"minecraft:on_tame","target":"self"}},"minecraft:behavior.follow_owner":{"start_distance":10.0,"speed_multiplier":1.0,"stop_distance":2.0,"priority":6}},"events":{"minecraft:entity_spawned":{"add":{"component_groups":["minecraft:slime_calm"]}},"minecraft:become_calm":{"add":{"component_groups":["minecraft:slime_calm"]}},"minecraft:become_aggressive":{"add":{"component_groups":["minecraft:slime_aggressive"]}}}}}