{
  "format_version": "1.10",
  "minecraft:entity": {
    "description": {
      "identifier": "minecraft:player",
      "is_spawnable": false,
      "is_summonable": false,
      "is_experimental": false,
      "scripts": {
        "animate": [
          "walk",
          "armor:spark",
          "armor:wither_skull",
          "armor:husk",
          "armor:wither_skeleton",
          "armor:explode",
          "armor:chicken",
          "armor:stray",
          "armor:wither",
          "armor:shulker",
          "armor:fly",
          "armor:remove_shield",
          "armor:piglin",
          "armor:shulker_shield",
          "armor:drowned",
          "armor:slime",
          "armor:skeleton",
          "armor:zombie_piglin",
          "armor:zombie",
          "armor:creeper",
          "armor:enderman",
          "armor:alex",
          "armor:piglin_brute",
          "armor:steve_armor"
        ]
      },
      "animations": {
        "walk": "controller.animation.walk",
        "armor:spark": "controller.animation.armor_spark",
        "armor:wither_skull": "controller.animation.armor_wither_skull",
        "armor:husk": "controller.animation.armor_husk",
        "armor:wither_skeleton": "controller.animation.armor_wither_skeleton",
        "armor:explode": "controller.animation.armor_explode",
        "armor:chicken": "controller.animation.armor_chicken",
        "armor:stray": "controller.animation.armor_stray",
        "armor:wither": "controller.animation.armor_wither",
        "armor:shulker": "controller.animation.armor_shulker",
        "armor:fly": "controller.animation.armor_fly",
        "armor:remove_shield": "controller.animation.armor_remove_shield",
        "armor:piglin": "controller.animation.armor_piglin",
        "armor:shulker_shield": "controller.animation.armor_shulker_shield",
        "armor:drowned": "controller.animation.armor_drowned",
        "armor:slime": "controller.animation.armor_slime",
        "armor:skeleton": "controller.animation.armor_skeleton",
        "armor:zombie_piglin": "controller.animation.armor_zombie_piglin",
        "armor:zombie": "controller.animation.armor_zombie",
        "armor:creeper": "controller.animation.armor_creeper",
        "armor:enderman": "controller.animation.armor_enderman",
        "armor:alex": "controller.animation.armor_alex",
        "armor:piglin_brute": "controller.animation.armor_piglin_brute",
        "armor:steve_armor": "controller.animation.armor_steve_armor"
      }
    },
    "component_groups": {
      "pamobile:respawn": {
        "minecraft:mark_variant": {
          "value": 99999
        },
        "minecraft:health": {
          "value": 20,
          "max": 20
        },
        "minecraft:movement": {
          "value": 0.1
        },
        "minecraft:attack": {
          "damage": 1
        },
        "minecraft:spell_effects": {
          "remove_effects": [
            "invisibility",
            "fire_resistance",
            "water_breathing",
            "slow_falling",
            "regeneration",
            "resistance",
            "strength",
            "jump_boost"
          ]
        }
      },
      "ammo:1": {
        "minecraft:mark_variant": {
          "value": 1
        }
      },
      "armor:spark_fire": {
        "minecraft:spawn_entity": [
          {
            "min_wait_time": 0,
            "max_wait_time": 0,
            "single_use": true,
            "spawn_entity": "armor:spark",
            "num_to_spawn": 1
          }
        ]
      },
      "armor:wither_skull_fire": {
        "minecraft:spawn_entity": [
          {
            "min_wait_time": 0,
            "max_wait_time": 0,
            "single_use": true,
            "spawn_entity": "armor:wither_skull",
            "num_to_spawn": 1
          }
        ]
      },
      "armor:husk_event_hold": {
        "minecraft:is_chested": {}
      },
      "armor:husk_event_play": {
        "minecraft:health": {
          "value": 24,
          "max": 24
        },
        "minecraft:movement": {
          "value": 0.1
        },
        "minecraft:spell_effects": {
          "add_effects": [
            {
              "effect": "invisibility",
              "duration": 60000,
              "amplifier": 1,
              "display_on_screen_animation": false
            }
          ]
        }
      },
      "armor:wither_skeleton_event_hold": {
        "minecraft:is_chested": {}
      },
      "armor:wither_skeleton_event_play": {
        "minecraft:health": {
          "value": 22,
          "max": 22
        },
        "minecraft:movement": {
          "value": 0.1
        },
        "minecraft:spell_effects": {
          "add_effects": [
            {
              "effect": "fire_resistance",
              "duration": 60000,
              "amplifier": 1,
              "display_on_screen_animation": false
            },
            {
              "effect": "invisibility",
              "duration": 60000,
              "amplifier": 1,
              "display_on_screen_animation": false
            }
          ]
        }
      },
      "armor:explode_event_hold": {
        "minecraft:is_chested": {}
      },
      "armor:explode_event_play": {
        "minecraft:health": {
          "value": 22,
          "max": 22
        },
        "minecraft:movement": {
          "value": 0.1
        },
        "minecraft:spell_effects": {
          "add_effects": []
        }
      },
      "armor:chicken_event_hold": {
        "minecraft:is_chested": {}
      },
      "armor:chicken_event_play": {
        "minecraft:health": {
          "value": 8,
          "max": 8
        },
        "minecraft:movement": {
          "value": 0.1
        },
        "minecraft:spell_effects": {
          "add_effects": [
            {
              "effect": "slow_falling",
              "duration": 60000,
              "amplifier": 1,
              "display_on_screen_animation": false
            }
          ]
        }
      },
      "armor:stray_event_hold": {
        "minecraft:is_chested": {}
      },
      "armor:stray_event_play": {
        "minecraft:health": {
          "value": 22,
          "max": 22
        },
        "minecraft:movement": {
          "value": 0.1
        },
        "minecraft:spell_effects": {
          "add_effects": [
            {
              "effect": "invisibility",
              "duration": 60000,
              "amplifier": 1,
              "display_on_screen_animation": false
            },
            {
              "effect": "water_breathing",
              "duration": 60000,
              "amplifier": 1,
              "display_on_screen_animation": false
            }
          ]
        }
      },
      "armor:wither_event_hold": {
        "minecraft:is_chested": {}
      },
      "armor:wither_event_play": {
        "minecraft:health": {
          "value": 100,
          "max": 100
        },
        "minecraft:movement": {
          "value": 0.1
        },
        "minecraft:spell_effects": {
          "add_effects": [
            {
              "effect": "fire_resistance",
              "duration": 60000,
              "amplifier": 1,
              "display_on_screen_animation": false
            },
            {
              "effect": "invisibility",
              "duration": 60000,
              "amplifier": 1,
              "display_on_screen_animation": false
            },
            {
              "effect": "regeneration",
              "duration": 60000,
              "amplifier": 1,
              "display_on_screen_animation": false
            },
            {
              "effect": "resistance",
              "duration": 60000,
              "amplifier": 1,
              "display_on_screen_animation": false
            },
            {
              "effect": "slow_falling",
              "duration": 60000,
              "amplifier": 1,
              "display_on_screen_animation": false
            },
            {
              "effect": "water_breathing",
              "duration": 60000,
              "amplifier": 1,
              "display_on_screen_animation": false
            }
          ]
        }
      },
      "armor:shulker_event_hold": {
        "minecraft:is_chested": {}
      },
      "armor:shulker_event_play": {
        "minecraft:health": {
          "value": 22,
          "max": 22
        },
        "minecraft:movement": {
          "value": 0.1
        },
        "minecraft:spell_effects": {
          "add_effects": [
            {
              "effect": "resistance",
              "duration": 60000,
              "amplifier": 1,
              "display_on_screen_animation": false
            }
          ]
        }
      },
      "armor:fly_event_hold": {
        "minecraft:is_chested": {}
      },
      "armor:fly_event_play": {
        "minecraft:health": {
          "value": 22,
          "max": 22
        },
        "minecraft:movement": {
          "value": 0.1
        },
        "minecraft:spell_effects": {
          "add_effects": []
        }
      },
      "armor:remove_shield_event_hold": {
        "minecraft:is_chested": {}
      },
      "armor:remove_shield_event_play": {
        "minecraft:health": {
          "value": 22,
          "max": 22
        },
        "minecraft:movement": {
          "value": 0.1
        },
        "minecraft:spell_effects": {
          "add_effects": []
        }
      },
      "armor:piglin_event_hold": {
        "minecraft:is_chested": {}
      },
      "armor:piglin_event_play": {
        "minecraft:health": {
          "value": 30,
          "max": 30
        },
        "minecraft:movement": {
          "value": 0.1
        },
        "minecraft:spell_effects": {
          "add_effects": [
            {
              "effect": "fire_resistance",
              "duration": 60000,
              "amplifier": 1,
              "display_on_screen_animation": false
            },
            {
              "effect": "invisibility",
              "duration": 60000,
              "amplifier": 1,
              "display_on_screen_animation": false
            },
            {
              "effect": "strength",
              "duration": 60000,
              "amplifier": 1,
              "display_on_screen_animation": false
            }
          ]
        }
      },
      "armor:shulker_shield_event_hold": {
        "minecraft:is_chested": {}
      },
      "armor:shulker_shield_event_play": {
        "minecraft:health": {
          "value": 22,
          "max": 22
        },
        "minecraft:movement": {
          "value": 0.1
        },
        "minecraft:spell_effects": {
          "add_effects": []
        }
      },
      "armor:drowned_event_hold": {
        "minecraft:is_chested": {}
      },
      "armor:drowned_event_play": {
        "minecraft:health": {
          "value": 22,
          "max": 22
        },
        "minecraft:movement": {
          "value": 0.1
        },
        "minecraft:spell_effects": {
          "add_effects": [
            {
              "effect": "invisibility",
              "duration": 60000,
              "amplifier": 1,
              "display_on_screen_animation": false
            },
            {
              "effect": "water_breathing",
              "duration": 60000,
              "amplifier": 1,
              "display_on_screen_animation": false
            }
          ]
        }
      },
      "armor:slime_event_hold": {
        "minecraft:is_chested": {}
      },
      "armor:slime_event_play": {
        "minecraft:health": {
          "value": 26,
          "max": 26
        },
        "minecraft:movement": {
          "value": 0.1
        },
        "minecraft:spell_effects": {
          "add_effects": [
            {
              "effect": "jump_boost",
              "duration": 60000,
              "amplifier": 1,
              "display_on_screen_animation": false
            }
          ]
        }
      },
      "armor:skeleton_event_hold": {
        "minecraft:is_chested": {}
      },
      "armor:skeleton_event_play": {
        "minecraft:health": {
          "value": 22,
          "max": 22
        },
        "minecraft:movement": {
          "value": 0.1
        },
        "minecraft:spell_effects": {
          "add_effects": [
            {
              "effect": "invisibility",
              "duration": 60000,
              "amplifier": 1,
              "display_on_screen_animation": false
            }
          ]
        }
      },
      "armor:zombie_piglin_event_hold": {
        "minecraft:is_chested": {}
      },
      "armor:zombie_piglin_event_play": {
        "minecraft:health": {
          "value": 32,
          "max": 32
        },
        "minecraft:movement": {
          "value": 0.1
        },
        "minecraft:spell_effects": {
          "add_effects": [
            {
              "effect": "fire_resistance",
              "duration": 60000,
              "amplifier": 1,
              "display_on_screen_animation": false
            },
            {
              "effect": "invisibility",
              "duration": 60000,
              "amplifier": 1,
              "display_on_screen_animation": false
            },
            {
              "effect": "strength",
              "duration": 60000,
              "amplifier": 1,
              "display_on_screen_animation": false
            },
            {
              "effect": "water_breathing",
              "duration": 60000,
              "amplifier": 1,
              "display_on_screen_animation": false
            }
          ]
        }
      },
      "armor:zombie_event_hold": {
        "minecraft:is_chested": {}
      },
      "armor:zombie_event_play": {
        "minecraft:health": {
          "value": 20,
          "max": 20
        },
        "minecraft:movement": {
          "value": 0.1
        },
        "minecraft:spell_effects": {
          "add_effects": [
            {
              "effect": "invisibility",
              "duration": 60000,
              "amplifier": 1,
              "display_on_screen_animation": false
            }
          ]
        }
      },
      "armor:creeper_event_hold": {
        "minecraft:is_chested": {}
      },
      "armor:creeper_event_play": {
        "minecraft:health": {
          "value": 22,
          "max": 22
        },
        "minecraft:movement": {
          "value": 0.1
        },
        "minecraft:spell_effects": {
          "add_effects": [
            {
              "effect": "invisibility",
              "duration": 60000,
              "amplifier": 1,
              "display_on_screen_animation": false
            }
          ]
        }
      },
      "armor:enderman_event_hold": {
        "minecraft:is_chested": {}
      },
      "armor:enderman_event_play": {
        "minecraft:health": {
          "value": 22,
          "max": 22
        },
        "minecraft:movement": {
          "value": 0.1
        },
        "minecraft:spell_effects": {
          "add_effects": [
            {
              "effect": "invisibility",
              "duration": 60000,
              "amplifier": 1,
              "display_on_screen_animation": false
            },
            {
              "effect": "strength",
              "duration": 60000,
              "amplifier": 1,
              "display_on_screen_animation": false
            }
          ]
        }
      },
      "armor:alex_event_hold": {
        "minecraft:is_chested": {}
      },
      "armor:alex_event_play": {
        "minecraft:health": {
          "value": 44,
          "max": 44
        },
        "minecraft:movement": {
          "value": 0.1
        },
        "minecraft:spell_effects": {
          "add_effects": [
            {
              "effect": "invisibility",
              "duration": 60000,
              "amplifier": 1,
              "display_on_screen_animation": false
            }
          ]
        }
      },
      "armor:piglin_brute_event_hold": {
        "minecraft:is_chested": {}
      },
      "armor:piglin_brute_event_play": {
        "minecraft:health": {
          "value": 36,
          "max": 36
        },
        "minecraft:movement": {
          "value": 0.1
        },
        "minecraft:spell_effects": {
          "add_effects": [
            {
              "effect": "fire_resistance",
              "duration": 60000,
              "amplifier": 1,
              "display_on_screen_animation": false
            },
            {
              "effect": "invisibility",
              "duration": 60000,
              "amplifier": 1,
              "display_on_screen_animation": false
            },
            {
              "effect": "resistance",
              "duration": 60000,
              "amplifier": 1,
              "display_on_screen_animation": false
            },
            {
              "effect": "strength",
              "duration": 60000,
              "amplifier": 1,
              "display_on_screen_animation": false
            }
          ]
        }
      },
      "armor:steve_armor_event_hold": {
        "minecraft:is_chested": {}
      },
      "armor:steve_armor_event_play": {
        "minecraft:health": {
          "value": 44,
          "max": 44
        },
        "minecraft:movement": {
          "value": 0.1
        },
        "minecraft:spell_effects": {
          "add_effects": [
            {
              "effect": "invisibility",
              "duration": 60000,
              "amplifier": 1,
              "display_on_screen_animation": false
            }
          ]
        }
      }
    },
    "components": {
      "minecraft:type_family": {
        "family": [
          "player"
        ]
      },
      "minecraft:loot": {
        "table": "loot_tables/empty.json"
      },
      "minecraft:collision_box": {
        "width": 0.6,
        "height": 1.8
      },
      "minecraft:can_climb": {},
      "minecraft:movement": {
        "value": 0.1
      },
      "minecraft:environment_sensor": [
        {
          "on_environment": {
            "filters": {
              "any_of": [
                {
                  "test": "is_family",
                  "subject": "self",
                  "value": "player"
                }
              ]
            },
            "event": "pamobile:refresh_player"
          }
        },
        {
          "on_environment": {
            "filters": {
              "all_of": [
                {
                  "test": "has_equipment",
                  "subject": "self",
                  "domain": "hand",
                  "value": "armor:spark"
                },
                {
                  "test": "is_family",
                  "subject": "self",
                  "value": "player"
                }
              ]
            },
            "event": "ammo:1"
          }
        },
        {
          "on_environment": {
            "filters": {
              "all_of": [
                {
                  "test": "has_equipment",
                  "subject": "self",
                  "domain": "hand",
                  "value": "armor:wither_skull"
                },
                {
                  "test": "is_family",
                  "subject": "self",
                  "value": "player"
                }
              ]
            },
            "event": "ammo:1"
          }
        },
        {
          "on_environment": {
            "filters": {
              "all_of": [
                {
                  "test": "has_equipment",
                  "subject": "self",
                  "domain": "hand",
                  "value": "armor:husk"
                }
              ]
            },
            "event": "armor:husk_event_hold"
          }
        },
        {
          "on_environment": {
            "filters": {
              "all_of": [
                {
                  "test": "has_equipment",
                  "subject": "self",
                  "domain": "head",
                  "value": "armor:husk"
                }
              ]
            },
            "event": "armor:husk_event_play"
          }
        },
        {
          "on_environment": {
            "filters": {
              "all_of": [
                {
                  "test": "has_equipment",
                  "subject": "self",
                  "domain": "hand",
                  "value": "armor:wither_skeleton"
                }
              ]
            },
            "event": "armor:wither_skeleton_event_hold"
          }
        },
        {
          "on_environment": {
            "filters": {
              "all_of": [
                {
                  "test": "has_equipment",
                  "subject": "self",
                  "domain": "head",
                  "value": "armor:wither_skeleton"
                }
              ]
            },
            "event": "armor:wither_skeleton_event_play"
          }
        },
        {
          "on_environment": {
            "filters": {
              "all_of": [
                {
                  "test": "has_equipment",
                  "subject": "self",
                  "domain": "hand",
                  "value": "armor:explode"
                }
              ]
            },
            "event": "armor:explode_event_hold"
          }
        },
        {
          "on_environment": {
            "filters": {
              "all_of": [
                {
                  "test": "has_equipment",
                  "subject": "self",
                  "domain": "head",
                  "value": "armor:explode"
                }
              ]
            },
            "event": "armor:explode_event_play"
          }
        },
        {
          "on_environment": {
            "filters": {
              "all_of": [
                {
                  "test": "has_equipment",
                  "subject": "self",
                  "domain": "hand",
                  "value": "armor:chicken"
                }
              ]
            },
            "event": "armor:chicken_event_hold"
          }
        },
        {
          "on_environment": {
            "filters": {
              "all_of": [
                {
                  "test": "has_equipment",
                  "subject": "self",
                  "domain": "head",
                  "value": "armor:chicken"
                }
              ]
            },
            "event": "armor:chicken_event_play"
          }
        },
        {
          "on_environment": {
            "filters": {
              "all_of": [
                {
                  "test": "has_equipment",
                  "subject": "self",
                  "domain": "hand",
                  "value": "armor:stray"
                }
              ]
            },
            "event": "armor:stray_event_hold"
          }
        },
        {
          "on_environment": {
            "filters": {
              "all_of": [
                {
                  "test": "has_equipment",
                  "subject": "self",
                  "domain": "head",
                  "value": "armor:stray"
                }
              ]
            },
            "event": "armor:stray_event_play"
          }
        },
        {
          "on_environment": {
            "filters": {
              "all_of": [
                {
                  "test": "has_equipment",
                  "subject": "self",
                  "domain": "hand",
                  "value": "armor:wither"
                }
              ]
            },
            "event": "armor:wither_event_hold"
          }
        },
        {
          "on_environment": {
            "filters": {
              "all_of": [
                {
                  "test": "has_equipment",
                  "subject": "self",
                  "domain": "head",
                  "value": "armor:wither"
                }
              ]
            },
            "event": "armor:wither_event_play"
          }
        },
        {
          "on_environment": {
            "filters": {
              "all_of": [
                {
                  "test": "has_equipment",
                  "subject": "self",
                  "domain": "hand",
                  "value": "armor:shulker"
                }
              ]
            },
            "event": "armor:shulker_event_hold"
          }
        },
        {
          "on_environment": {
            "filters": {
              "all_of": [
                {
                  "test": "has_equipment",
                  "subject": "self",
                  "domain": "head",
                  "value": "armor:shulker"
                }
              ]
            },
            "event": "armor:shulker_event_play"
          }
        },
        {
          "on_environment": {
            "filters": {
              "all_of": [
                {
                  "test": "has_equipment",
                  "subject": "self",
                  "domain": "hand",
                  "value": "armor:fly"
                }
              ]
            },
            "event": "armor:fly_event_hold"
          }
        },
        {
          "on_environment": {
            "filters": {
              "all_of": [
                {
                  "test": "has_equipment",
                  "subject": "self",
                  "domain": "head",
                  "value": "armor:fly"
                }
              ]
            },
            "event": "armor:fly_event_play"
          }
        },
        {
          "on_environment": {
            "filters": {
              "all_of": [
                {
                  "test": "has_equipment",
                  "subject": "self",
                  "domain": "hand",
                  "value": "armor:remove_shield"
                }
              ]
            },
            "event": "armor:remove_shield_event_hold"
          }
        },
        {
          "on_environment": {
            "filters": {
              "all_of": [
                {
                  "test": "has_equipment",
                  "subject": "self",
                  "domain": "head",
                  "value": "armor:remove_shield"
                }
              ]
            },
            "event": "armor:remove_shield_event_play"
          }
        },
        {
          "on_environment": {
            "filters": {
              "all_of": [
                {
                  "test": "has_equipment",
                  "subject": "self",
                  "domain": "hand",
                  "value": "armor:piglin"
                }
              ]
            },
            "event": "armor:piglin_event_hold"
          }
        },
        {
          "on_environment": {
            "filters": {
              "all_of": [
                {
                  "test": "has_equipment",
                  "subject": "self",
                  "domain": "head",
                  "value": "armor:piglin"
                }
              ]
            },
            "event": "armor:piglin_event_play"
          }
        },
        {
          "on_environment": {
            "filters": {
              "all_of": [
                {
                  "test": "has_equipment",
                  "subject": "self",
                  "domain": "hand",
                  "value": "armor:shulker_shield"
                }
              ]
            },
            "event": "armor:shulker_shield_event_hold"
          }
        },
        {
          "on_environment": {
            "filters": {
              "all_of": [
                {
                  "test": "has_equipment",
                  "subject": "self",
                  "domain": "head",
                  "value": "armor:shulker_shield"
                }
              ]
            },
            "event": "armor:shulker_shield_event_play"
          }
        },
        {
          "on_environment": {
            "filters": {
              "all_of": [
                {
                  "test": "has_equipment",
                  "subject": "self",
                  "domain": "hand",
                  "value": "armor:drowned"
                }
              ]
            },
            "event": "armor:drowned_event_hold"
          }
        },
        {
          "on_environment": {
            "filters": {
              "all_of": [
                {
                  "test": "has_equipment",
                  "subject": "self",
                  "domain": "head",
                  "value": "armor:drowned"
                }
              ]
            },
            "event": "armor:drowned_event_play"
          }
        },
        {
          "on_environment": {
            "filters": {
              "all_of": [
                {
                  "test": "has_equipment",
                  "subject": "self",
                  "domain": "hand",
                  "value": "armor:slime"
                }
              ]
            },
            "event": "armor:slime_event_hold"
          }
        },
        {
          "on_environment": {
            "filters": {
              "all_of": [
                {
                  "test": "has_equipment",
                  "subject": "self",
                  "domain": "head",
                  "value": "armor:slime"
                }
              ]
            },
            "event": "armor:slime_event_play"
          }
        },
        {
          "on_environment": {
            "filters": {
              "all_of": [
                {
                  "test": "has_equipment",
                  "subject": "self",
                  "domain": "hand",
                  "value": "armor:skeleton"
                }
              ]
            },
            "event": "armor:skeleton_event_hold"
          }
        },
        {
          "on_environment": {
            "filters": {
              "all_of": [
                {
                  "test": "has_equipment",
                  "subject": "self",
                  "domain": "head",
                  "value": "armor:skeleton"
                }
              ]
            },
            "event": "armor:skeleton_event_play"
          }
        },
        {
          "on_environment": {
            "filters": {
              "all_of": [
                {
                  "test": "has_equipment",
                  "subject": "self",
                  "domain": "hand",
                  "value": "armor:zombie_piglin"
                }
              ]
            },
            "event": "armor:zombie_piglin_event_hold"
          }
        },
        {
          "on_environment": {
            "filters": {
              "all_of": [
                {
                  "test": "has_equipment",
                  "subject": "self",
                  "domain": "head",
                  "value": "armor:zombie_piglin"
                }
              ]
            },
            "event": "armor:zombie_piglin_event_play"
          }
        },
        {
          "on_environment": {
            "filters": {
              "all_of": [
                {
                  "test": "has_equipment",
                  "subject": "self",
                  "domain": "hand",
                  "value": "armor:zombie"
                }
              ]
            },
            "event": "armor:zombie_event_hold"
          }
        },
        {
          "on_environment": {
            "filters": {
              "all_of": [
                {
                  "test": "has_equipment",
                  "subject": "self",
                  "domain": "head",
                  "value": "armor:zombie"
                }
              ]
            },
            "event": "armor:zombie_event_play"
          }
        },
        {
          "on_environment": {
            "filters": {
              "all_of": [
                {
                  "test": "has_equipment",
                  "subject": "self",
                  "domain": "hand",
                  "value": "armor:creeper"
                }
              ]
            },
            "event": "armor:creeper_event_hold"
          }
        },
        {
          "on_environment": {
            "filters": {
              "all_of": [
                {
                  "test": "has_equipment",
                  "subject": "self",
                  "domain": "head",
                  "value": "armor:creeper"
                }
              ]
            },
            "event": "armor:creeper_event_play"
          }
        },
        {
          "on_environment": {
            "filters": {
              "all_of": [
                {
                  "test": "has_equipment",
                  "subject": "self",
                  "domain": "hand",
                  "value": "armor:enderman"
                }
              ]
            },
            "event": "armor:enderman_event_hold"
          }
        },
        {
          "on_environment": {
            "filters": {
              "all_of": [
                {
                  "test": "has_equipment",
                  "subject": "self",
                  "domain": "head",
                  "value": "armor:enderman"
                }
              ]
            },
            "event": "armor:enderman_event_play"
          }
        },
        {
          "on_environment": {
            "filters": {
              "all_of": [
                {
                  "test": "has_equipment",
                  "subject": "self",
                  "domain": "hand",
                  "value": "armor:alex"
                }
              ]
            },
            "event": "armor:alex_event_hold"
          }
        },
        {
          "on_environment": {
            "filters": {
              "all_of": [
                {
                  "test": "has_equipment",
                  "subject": "self",
                  "domain": "head",
                  "value": "armor:alex"
                }
              ]
            },
            "event": "armor:alex_event_play"
          }
        },
        {
          "on_environment": {
            "filters": {
              "all_of": [
                {
                  "test": "has_equipment",
                  "subject": "self",
                  "domain": "hand",
                  "value": "armor:piglin_brute"
                }
              ]
            },
            "event": "armor:piglin_brute_event_hold"
          }
        },
        {
          "on_environment": {
            "filters": {
              "all_of": [
                {
                  "test": "has_equipment",
                  "subject": "self",
                  "domain": "head",
                  "value": "armor:piglin_brute"
                }
              ]
            },
            "event": "armor:piglin_brute_event_play"
          }
        },
        {
          "on_environment": {
            "filters": {
              "all_of": [
                {
                  "test": "has_equipment",
                  "subject": "self",
                  "domain": "hand",
                  "value": "armor:steve_armor"
                }
              ]
            },
            "event": "armor:steve_armor_event_hold"
          }
        },
        {
          "on_environment": {
            "filters": {
              "all_of": [
                {
                  "test": "has_equipment",
                  "subject": "self",
                  "domain": "head",
                  "value": "armor:steve_armor"
                }
              ]
            },
            "event": "armor:steve_armor_event_play"
          }
        }
      ],
      "minecraft:player.saturation": {
        "value": 20
      },
      "minecraft:player.exhaustion": {
        "value": 0,
        "max": 4
      },
      "minecraft:player.level": {
        "value": 0,
        "max": 24791
      },
      "minecraft:player.experience": {
        "value": 0,
        "max": 1
      },
      "minecraft:breathable": {
        "totalSupply": 15,
        "suffocateTime": -1,
        "inhaleTime": 3.75,
        "generatesBubbles": false
      },
      "minecraft:nameable": {
        "alwaysShow": true,
        "allowNameTagRenaming": false
      },
      "minecraft:physics": {},
      "minecraft:insomnia": {
        "days_until_insomnia": 3
      },
      "minecraft:rideable": {
        "seat_count": 2,
        "family_types": [
          "parrot_tame"
        ],
        "pull_in_entities": true,
        "seats": [
          {
            "position": [
              0.4,
              -0.15,
              0.04
            ],
            "min_rider_count": 0,
            "max_rider_count": 0,
            "lock_rider_rotation": 0
          },
          {
            "position": [
              -0.4,
              -0.15,
              0.04
            ],
            "min_rider_count": 1,
            "max_rider_count": 2,
            "lock_rider_rotation": 0
          }
        ]
      },
      "minecraft:scaffolding_climber": {}
    },
    "events": {
      "pamobile:refresh_player": {
        "add": {
          "component_groups": [
            "pamobile:respawn"
          ]
        },
        "remove": {
          "component_groups": [
            "armor:husk_event_hold",
            "armor:husk_event_play",
            "armor:wither_skeleton_event_hold",
            "armor:wither_skeleton_event_play",
            "armor:explode_event_hold",
            "armor:explode_event_play",
            "armor:chicken_event_hold",
            "armor:chicken_event_play",
            "armor:stray_event_hold",
            "armor:stray_event_play",
            "armor:wither_event_hold",
            "armor:wither_event_play",
            "armor:shulker_event_hold",
            "armor:shulker_event_play",
            "armor:fly_event_hold",
            "armor:fly_event_play",
            "armor:remove_shield_event_hold",
            "armor:remove_shield_event_play",
            "armor:piglin_event_hold",
            "armor:piglin_event_play",
            "armor:shulker_shield_event_hold",
            "armor:shulker_shield_event_play",
            "armor:drowned_event_hold",
            "armor:drowned_event_play",
            "armor:slime_event_hold",
            "armor:slime_event_play",
            "armor:skeleton_event_hold",
            "armor:skeleton_event_play",
            "armor:zombie_piglin_event_hold",
            "armor:zombie_piglin_event_play",
            "armor:zombie_event_hold",
            "armor:zombie_event_play",
            "armor:creeper_event_hold",
            "armor:creeper_event_play",
            "armor:enderman_event_hold",
            "armor:enderman_event_play",
            "armor:alex_event_hold",
            "armor:alex_event_play",
            "armor:piglin_brute_event_hold",
            "armor:piglin_brute_event_play",
            "armor:steve_armor_event_hold",
            "armor:steve_armor_event_play"
          ]
        }
      },
      "minecraft:entity_spawned": {
        "add": {
          "component_groups": [
            "pamobile:respawn"
          ]
        },
        "remove": {}
      },
      "ammo:1": {
        "remove": {
          "component_groups": [
            "ammo:1"
          ]
        },
        "add": {
          "component_groups": [
            "ammo:1"
          ]
        }
      },
      "ammo:2": {
        "remove": {
          "component_groups": [
            "ammo:2"
          ]
        },
        "add": {
          "component_groups": [
            "ammo:2"
          ]
        }
      },
      "armor:spark_fire": {
        "add": {
          "component_groups": [
            "armor:spark_fire"
          ]
        }
      },
      "armor:wither_skull_fire": {
        "add": {
          "component_groups": [
            "armor:wither_skull_fire"
          ]
        }
      },
      "armor:husk_event_hold": {
        "add": {
          "component_groups": [
            "armor:husk_event_hold"
          ]
        }
      },
      "armor:husk_event_play": {
        "add": {
          "component_groups": [
            "armor:husk_event_play"
          ]
        }
      },
      "armor:wither_skeleton_event_hold": {
        "add": {
          "component_groups": [
            "armor:wither_skeleton_event_hold"
          ]
        }
      },
      "armor:wither_skeleton_event_play": {
        "add": {
          "component_groups": [
            "armor:wither_skeleton_event_play"
          ]
        }
      },
      "armor:explode_event_hold": {
        "add": {
          "component_groups": [
            "armor:explode_event_hold"
          ]
        }
      },
      "armor:explode_event_play": {
        "add": {
          "component_groups": [
            "armor:explode_event_play"
          ]
        }
      },
      "armor:chicken_event_hold": {
        "add": {
          "component_groups": [
            "armor:chicken_event_hold"
          ]
        }
      },
      "armor:chicken_event_play": {
        "add": {
          "component_groups": [
            "armor:chicken_event_play"
          ]
        }
      },
      "armor:stray_event_hold": {
        "add": {
          "component_groups": [
            "armor:stray_event_hold"
          ]
        }
      },
      "armor:stray_event_play": {
        "add": {
          "component_groups": [
            "armor:stray_event_play"
          ]
        }
      },
      "armor:wither_event_hold": {
        "add": {
          "component_groups": [
            "armor:wither_event_hold"
          ]
        }
      },
      "armor:wither_event_play": {
        "add": {
          "component_groups": [
            "armor:wither_event_play"
          ]
        }
      },
      "armor:shulker_event_hold": {
        "add": {
          "component_groups": [
            "armor:shulker_event_hold"
          ]
        }
      },
      "armor:shulker_event_play": {
        "add": {
          "component_groups": [
            "armor:shulker_event_play"
          ]
        }
      },
      "armor:fly_event_hold": {
        "add": {
          "component_groups": [
            "armor:fly_event_hold"
          ]
        }
      },
      "armor:fly_event_play": {
        "add": {
          "component_groups": [
            "armor:fly_event_play"
          ]
        }
      },
      "armor:remove_shield_event_hold": {
        "add": {
          "component_groups": [
            "armor:remove_shield_event_hold"
          ]
        }
      },
      "armor:remove_shield_event_play": {
        "add": {
          "component_groups": [
            "armor:remove_shield_event_play"
          ]
        }
      },
      "armor:piglin_event_hold": {
        "add": {
          "component_groups": [
            "armor:piglin_event_hold"
          ]
        }
      },
      "armor:piglin_event_play": {
        "add": {
          "component_groups": [
            "armor:piglin_event_play"
          ]
        }
      },
      "armor:shulker_shield_event_hold": {
        "add": {
          "component_groups": [
            "armor:shulker_shield_event_hold"
          ]
        }
      },
      "armor:shulker_shield_event_play": {
        "add": {
          "component_groups": [
            "armor:shulker_shield_event_play"
          ]
        }
      },
      "armor:drowned_event_hold": {
        "add": {
          "component_groups": [
            "armor:drowned_event_hold"
          ]
        }
      },
      "armor:drowned_event_play": {
        "add": {
          "component_groups": [
            "armor:drowned_event_play"
          ]
        }
      },
      "armor:slime_event_hold": {
        "add": {
          "component_groups": [
            "armor:slime_event_hold"
          ]
        }
      },
      "armor:slime_event_play": {
        "add": {
          "component_groups": [
            "armor:slime_event_play"
          ]
        }
      },
      "armor:skeleton_event_hold": {
        "add": {
          "component_groups": [
            "armor:skeleton_event_hold"
          ]
        }
      },
      "armor:skeleton_event_play": {
        "add": {
          "component_groups": [
            "armor:skeleton_event_play"
          ]
        }
      },
      "armor:zombie_piglin_event_hold": {
        "add": {
          "component_groups": [
            "armor:zombie_piglin_event_hold"
          ]
        }
      },
      "armor:zombie_piglin_event_play": {
        "add": {
          "component_groups": [
            "armor:zombie_piglin_event_play"
          ]
        }
      },
      "armor:zombie_event_hold": {
        "add": {
          "component_groups": [
            "armor:zombie_event_hold"
          ]
        }
      },
      "armor:zombie_event_play": {
        "add": {
          "component_groups": [
            "armor:zombie_event_play"
          ]
        }
      },
      "armor:creeper_event_hold": {
        "add": {
          "component_groups": [
            "armor:creeper_event_hold"
          ]
        }
      },
      "armor:creeper_event_play": {
        "add": {
          "component_groups": [
            "armor:creeper_event_play"
          ]
        }
      },
      "armor:enderman_event_hold": {
        "add": {
          "component_groups": [
            "armor:enderman_event_hold"
          ]
        }
      },
      "armor:enderman_event_play": {
        "add": {
          "component_groups": [
            "armor:enderman_event_play"
          ]
        }
      },
      "armor:alex_event_hold": {
        "add": {
          "component_groups": [
            "armor:alex_event_hold"
          ]
        }
      },
      "armor:alex_event_play": {
        "add": {
          "component_groups": [
            "armor:alex_event_play"
          ]
        }
      },
      "armor:piglin_brute_event_hold": {
        "add": {
          "component_groups": [
            "armor:piglin_brute_event_hold"
          ]
        }
      },
      "armor:piglin_brute_event_play": {
        "add": {
          "component_groups": [
            "armor:piglin_brute_event_play"
          ]
        }
      },
      "armor:steve_armor_event_hold": {
        "add": {
          "component_groups": [
            "armor:steve_armor_event_hold"
          ]
        }
      },
      "armor:steve_armor_event_play": {
        "add": {
          "component_groups": [
            "armor:steve_armor_event_play"
          ]
        }
      }
    }
  }
}