{
  "format_version": "1.10.0",
  "animation_controllers": {
    "controller.animation.armor_wither_skull": {
      "initial_state": "default",
      "states": {
        "default": {
          "transitions": [
            {
              "shoot": "query.mark_variant == 1 && query.get_equipped_item_name=='wither_skull' && query.item_remaining_use_duration > 0"
            }
          ]
        },
        "shoot": {
          "transitions": [
            {
              "default": "query.mark_variant == 1 && query.get_equipped_item_name=='wither_skull' && query.item_remaining_use_duration > 0"
            }
          ],
          "on_entry": [
            "@s armor:wither_skull_fire"
          ]
        }
      }
    }
  }
}