{
  "format_version": "1.12",
  "minecraft:recipe_shaped": {
    "description": {
      "identifier": "husk_6df4cd"
    },
    "tags": [
      "crafting_table"
    ],
    "pattern": [
      " A ",
      "BCB",
      " B "
    ],
    "key": {
      "A": {
        "item": "minecraft:bone_block",
        "data": 0
      },
      "B": {
        "item": "minecraft:rotten_flesh",
        "data": 0
      },
      "C": {
        "item": "minecraft:paper",
        "data": 0
      }
    },
    "result": {
      "item": "armor:husk",
      "count": 1
    }
  }
}