{
  "format_version": "1.12",
  "minecraft:recipe_shaped": {
    "description": {
      "identifier": "steve_armor_e28868c9"
    },
    "tags": [
      "crafting_table"
    ],
    "pattern": [
      " A ",
      "BBB",
      " C "
    ],
    "key": {
      "A": {
        "item": "minecraft:skull",
        "data": 3
      },
      "B": {
        "item": "minecraft:wool",
        "data": 3
      },
      "C": {
        "item": "minecraft:wool",
        "data": 11
      }
    },
    "result": {
      "item": "armor:steve_armor",
      "count": 1
    }
  }
}