{
  "format_version": "1.12",
  "minecraft:recipe_shaped": {
    "description": {
      "identifier": "alex_7e06ccc3"
    },
    "tags": [
      "crafting_table"
    ],
    "pattern": [
      " A ",
      "CCC",
      " B "
    ],
    "key": {
      "A": {
        "item": "minecraft:skull",
        "data": 3
      },
      "B": {
        "item": "minecraft:wool",
        "data": 12
      },
      "C": {
        "item": "minecraft:wool",
        "data": 5
      }
    },
    "result": {
      "item": "armor:alex",
      "count": 1
    }
  }
}