{
  "format_version": "1.12",
  "minecraft:recipe_shaped": {
    "description": {
      "identifier": "wither_a98e3eef"
    },
    "tags": [
      "crafting_table"
    ],
    "pattern": [
      "AAA",
      "CBC",
      " C "
    ],
    "key": {
      "A": {
        "item": "minecraft:skull",
        "data": 1
      },
      "B": {
        "item": "minecraft:netherstar",
        "data": 0
      },
      "C": {
        "item": "minecraft:soul_sand",
        "data": 0
      }
    },
    "result": {
      "item": "armor:wither",
      "count": 1
    }
  }
}