{
  "resource_pack_name": "Furnicraft[Resource]",
  "texture_name": "atlas.items",
  "texture_data": {
    "armor:skeleton": {
      "textures": "textures/items/pamobile/armor_skeleton"
    },
    "armor:slime": {
      "textures": "textures/items/pamobile/armor_slime"
    },
    "armor:remove_shield": {
      "textures": "textures/items/pamobile/armor_remove_shield"
    },
    "armor:shulker": {
      "textures": "textures/items/pamobile/armor_shulker"
    },
    "armor:shulker_shield": {
      "textures": "textures/items/pamobile/armor_shulker_shield"
    },
    "armor:wither_skeleton": {
      "textures": "textures/items/pamobile/armor_wither_skeleton"
    },
    "armor:stray": {
      "textures": "textures/items/pamobile/armor_stray"
    },
    "armor:zombie": {
      "textures": "textures/items/pamobile/armor_zombie"
    },
    "armor:husk": {
      "textures": "textures/items/pamobile/armor_husk"
    },
    "armor:icebone": {
      "textures": "textures/items/pamobile/armor_icebone"
    },
    "armor:creeper": {
      "textures": "textures/items/pamobile/armor_creeper"
    },
    "armor:explode": {
      "textures": "textures/items/pamobile/armor_explode"
    },
    "armor:drowned": {
      "textures": "textures/items/pamobile/armor_drowned"
    },
    "armor:wither_bone": {
      "textures": "textures/items/pamobile/armor_wither_bone"
    },
    "armor:drowned_flesh": {
      "textures": "textures/items/pamobile/drowned_flesh"
    },
    "armor:chicken": {
      "textures": "textures/items/pamobile/armor_chicken"
    },
    "armor:wither": {
      "textures": "textures/items/pamobile/armor_wither"
    },
    "armor:wither_skull": {
      "textures": "textures/items/pamobile/armor_wither_skull"
    },
    "armor:fly": {
      "textures": "textures/items/pamobile/armor_fly"
    },
    "armor:enderman": {
      "textures": "textures/items/pamobile/armor_enderman"
    },
    "armor:steve": {
      "textures": "textures/items/pamobile/armor_steve"
    },
    "armor:spark": {
      "textures": "textures/items/pamobile/armor_spark"
    },
    "armor:random_teleport": {
      "textures": "textures/items/pamobile/armor_random_teleport"
    },
    "armo:zombie_piglin": {
      "textures": "textures/items/pamobile/armor_zombie_piglin"
    },
    "armor:piglin_brute": {
      "textures": "textures/items/pamobile/armor_piglin_brute"
    },
    "armor:steve_armor": {
      "textures": "textures/items/pamobile/armor_steve_armor"
    },
    "armor:alex": {
      "textures": "textures/items/pamobile/armor_alex"
    },
    "armor:piglin": {
      "textures": "textures/items/pamobile/armor_piglin"
    }
  }
}