{
  "format_version": "1.10.0",
  "minecraft:client_entity": {
    "description": {
      "identifier": "armor:spark",
      "materials": {
        "default": "slime"
      },
      "textures": {
        "default": "textures/entity/pamobile/armor_spark"
      },
      "geometry": {
        "default": "geometry.shulker_bullet"
      },
      "scripts": {
        "animate": [
          "particles"
        ]
      },
      "animations": {
        "particles": "animation.shulker_bullet.move"
      },
      "spawn_egg": {
        "texture": "spawn_egg",
        "texture_index": 99
      },
      "render_controllers": [
        "controller.render.shulker_bullet"
      ]
    }
  }
}