{"format_version":"1.8.0","minecraft:client_entity":{"description":{"identifier":"armor:slime","materials":{"default":"slime","outer":"slime_outer"},"textures":{"default":"textures/entity/slime/slime"},"geometry":{"default":"geometry.slime","armor":"geometry.slime.armor"},"scripts":{"pre_animation":["variable.horizontal_scale_amount = 2;","variable.vertical_scale_amount = 2;"],"scaleX":"variable.horizontal_scale_amount","scaleY":"variable.vertical_scale_amount","scaleZ":"variable.horizontal_scale_amount"},"render_controllers":["controller.render.slime","controller.render.slime_armor"],"spawn_egg":{"texture":"spawn_egg","texture_index":10}}}}