{
  "format_version": "1.10.0",
  "minecraft:client_entity": {
    "description": {
      "identifier": "armor:shulker_shield",
      "min_engine_version": "1.8.0",
      "materials": {
        "default": "armor_stand"
      },
      "textures": {
        "default": "textures/entity/pamobile/shulker_shield"
      },
      "animations": {
        "default_pose": "animation.armor_stand.default_pose"
      },
      "scripts": {
        "initialize": [
          "variable.armor_stand.pose_index = 0;",
          "variable.armor_stand.hurt_time = 0;"
        ],
        "animate": [
          "controller.pose",
          "controller.wiggling"
        ]
      },
      "geometry": {
        "default": "geometry.Mobs.Shulker_shield"
      },
      "render_controllers": [ "controller.render.armor_stand" ],
      "enable_attachables": true
    }
  }
}