{"format_version":"1.10.0","minecraft:attachable":{"description":{"identifier":"armor:wither_skeleton","item":{"armor:wither_skeleton":"query.owner_identifier == 'minecraft:player'"},"materials":{"default":"armor","enchanted":"armor_enchanted"},"textures":{"default":"textures/entity/pamobile/armor_wither_skeleton","enchanted":"textures/misc/enchanted_item_glint"},"geometry":{"default":"geometry.Mobs.Skeleton"},"scripts":{"parent_setup":"variable.helmet_layer_visible = 0.0;"},"render_controllers":["controller.render.armor"]}}}