{"format_version":"1.10.0","minecraft:attachable":{"description":{"identifier":"armor:steve_armor","item":{"armor:steve_armor":"query.owner_identifier == 'minecraft:player'"},"materials":{"default":"armor","enchanted":"armor_enchanted"},"textures":{"default":"textures/entity/pamobile/armor_steve_armor","enchanted":"textures/misc/enchanted_item_glint"},"geometry":{"default":"geometry.Mobs.Zombie"},"scripts":{"parent_setup":"variable.helmet_layer_visible = 0.0;"},"render_controllers":["controller.render.armor"]}}}