{"format_version":"1.10.0","minecraft:attachable":{"description":{"identifier":"armor:piglin_brute","item":{"armor:piglin_brute":"query.owner_identifier == 'minecraft:player'"},"materials":{"default":"armor","enchanted":"armor_enchanted"},"textures":{"default":"textures/entity/pamobile/armor_piglin_brute","enchanted":"textures/misc/enchanted_item_glint"},"geometry":{"default":"geometry.Mobs.Piglin"},"scripts":{"parent_setup":"variable.helmet_layer_visible = 0.0;"},"render_controllers":["controller.render.armor"]}}}