{"format_version":"1.10.0","minecraft:attachable":{"description":{"identifier":"armor:creeper","item":{"armor:creeper":"query.owner_identifier == 'minecraft:player'"},"materials":{"default":"armor","enchanted":"armor_enchanted"},"textures":{"default":"textures/entity/pamobile/armor_creeper","enchanted":"textures/misc/enchanted_item_glint"},"geometry":{"default":"geometry.Mobs.Creeper"},"scripts":{"parent_setup":"variable.helmet_layer_visible = 0.0;"},"render_controllers":["controller.render.armor"]}}}